{
    "start_state": [
        0.43599490214200376,
        -2.9786933346982547,
        -1.4147770511320783,
        -0.40638139240437265,
        -0.5003438559023059,
        -1.0660377598084527,
        -1.855747363068849
    ],
    "goal_state": [
        0.6192709663506637,
        -1.2588068107303358,
        -2.3033300463492443,
        0.761106318258383,
        0.18310517858193398,
        -2.296001918357475,
        0.08531385203604058
    ],
    "goal_end_effector_pos": [
        0.6118282079696655,
        0.20082823932170868,
        0.7271273136138916
    ],
    "rail_length": 1.0,
    "obstacle_positions": [
        [
            0.2930232318194398,
            0.740418465990483,
            0.43545392403091204
        ],
        [
            0.5040004393791526,
            0.1813466638161352,
            0.9731390919373307
        ],
        [
            0.37921056694163746,
            -0.6088208812052981,
            0.6617522271158831
        ],
        [
            0.6622020192683258,
            0.7471972164861017,
            0.06010716034377207
        ]
    ],
    "obstacle_dimensions": [
        [
            0.2572200625901093,
            0.2069872843368277,
            0.11370368957362002
        ],
        [
            0.19706239526040967,
            0.1779234258241411,
            0.21606696559622873
        ],
        [
            0.1039052010083652,
            0.3392214817097781,
            0.18081663927889036
        ],
        [
            0.21625702776198447,
            0.24912213962035382,
            0.2244717512124062
        ]
    ],
    "planner_config": {
        "max_iter": 100000,
        "collision_check_step_size": 0.04,
        "goal_reached_threshold": 0.05,
        "drive_dist": 0.628,
        "goal_sample_rate": 0.1,
        "near_radius": 1.256
    },
    "rrt_star_path": [
        [
            0.43599490214200376,
            -2.9786933346982547,
            -1.4147770511320783,
            -0.40638139240437265,
            -0.5003438559023059,
            -1.0660377598084527,
            -1.855747363068849
        ],
        [
            0.4346618879819241,
            -2.6471094757260283,
            -1.3904403415406927,
            -0.5216653211109481,
            -0.13342374859911932,
            -0.7501574060381834,
            -2.0458550821366583
        ],
        [
            0.5296223735637865,
            -1.9389794781172816,
            -1.241521975606079,
            -0.6330499144230191,
            0.011292950787069697,
            0.017400480970126198,
            -1.9719410631367111
        ],
        [
            0.5976064086018635,
            -1.2038544642485973,
            -1.283570975239867,
            -0.6194962879821528,
            -0.5825793300596986,
            -0.36454050402183613,
            -1.4618009417572586
        ],
        [
            0.5833890232274244,
            -0.8277669039619251,
            -1.2660804168860462,
            -0.5739459338948953,
            -0.8641591524347775,
            -0.51793841643025,
            -1.0776900949152435
        ],
        [
            0.6097657889883698,
            -0.636193081600162,
            -1.293840466465512,
            -0.2952375889429133,
            -1.641668280966025,
            -0.5262996013163639,
            -1.3191506453563675
        ],
        [
            0.6113935279255437,
            -0.299733035933311,
            -1.0449539384632798,
            -0.5371785394812982,
            -2.1469056359555734,
            -0.9552310486366293,
            -2.069543896890728
        ],
        [
            0.6353822407915973,
            0.6993725134606643,
            -1.0958831115434342,
            -0.45211773758697843,
            -1.7498577552419983,
            -1.5155961211037583,
            -2.2875252463326334
        ],
        [
            0.6360739703995283,
            1.1098552239231658,
            -1.0300971892375872,
            -0.21086535556391628,
            -1.4405735023853403,
            -1.593567677330216,
            -2.5357603241733737
        ],
        [
            0.6060422188050868,
            1.495679208588818,
            -0.9589336013522588,
            -0.3324785776742149,
            -0.5405848607658137,
            -1.7151703684844215,
            -3.0467422032898077
        ],
        [
            0.5857771768055271,
            2.04047902959805,
            -0.8931364163413952,
            -0.3817447947409277,
            0.2879997111444399,
            -1.768184277719241,
            -3.00883021874263
        ],
        [
            0.5360328489463038,
            2.6011872162310694,
            -0.9671086580480599,
            -0.3741069184928896,
            0.3285546316983241,
            -1.5816367248850753,
            -2.820307247881495
        ],
        [
            0.45548137827980006,
            3.1745799410791924,
            -1.0697951811058934,
            -0.0433413788265411,
            1.2058684631153533,
            -1.556151999658763,
            -2.297646331858663
        ],
        [
            0.4213502665361031,
            3.2178300148242984,
            -1.0114951579794624,
            0.11007905289098097,
            1.715126295971557,
            -1.5919635115838389,
            -2.6198043242404943
        ],
        [
            0.4693426745890632,
            3.4102959314150336,
            -1.154161353080588,
            -0.27442412554745266,
            2.7453982698318127,
            -1.8870285240101858,
            -2.4623045263453753
        ],
        [
            0.4678887450260583,
            3.6959241748581837,
            -1.4072892310398815,
            -0.09162403353519002,
            3.10241030059706,
            -2.794900045291776,
            -2.294631248111773
        ],
        [
            0.5277515826587924,
            3.349479331026402,
            -1.4097380442203447,
            0.23326911763706082,
            3.4833973775261144,
            -3.8496833624999494,
            -2.1291092600027093
        ],
        [
            0.5794676576426752,
            2.807786732128784,
            -1.05255362837992,
            0.512003960265665,
            4.074808864794808,
            -4.360038489512499,
            -2.336294168872041
        ],
        [
            0.6548625348255178,
            2.58873909762086,
            -0.8188641022368373,
            0.7132637141917884,
            4.433899774146869,
            -4.477456818362448,
            -2.6570247692245497
        ],
        [
            0.7192993159561467,
            3.0956355238478737,
            -0.8622009310977425,
            1.2534678580328842,
            5.014284605017344,
            -4.402231676701799,
            -3.1838956812029044
        ],
        [
            0.5253361979045867,
            3.054087137671487,
            -1.2463520086659976,
            1.635920626924798,
            5.176805648363128,
            -4.080212843712671,
            -3.7730183741438843
        ],
        [
            0.5915632137134041,
            2.368413821469344,
            -1.7324639661799723,
            1.5555389273010143,
            4.900594078663627,
            -4.133133635018524,
            -4.4457041201261935
        ],
        [
            0.6880573606793932,
            1.9895772859366572,
            -1.6849805568902947,
            1.6916400580240984,
            4.503382857514974,
            -4.845633311473,
            -4.890172700239527
        ],
        [
            0.7519773740505754,
            1.7435670773035425,
            -1.94638593661667,
            1.6207538119759621,
            4.0831536998523505,
            -5.128129026942017,
            -4.885355802685883
        ]
    ],
    "num_samples": 4978
}