{
    "start_state": [
        0.6762549019801313,
        0.5709079193593571,
        -3.066251348094436,
        0.36979114093176424,
        -1.5126614883304508,
        -0.5334349115434649,
        -1.3601520255873525
    ],
    "goal_state": [
        0.09221700887172424,
        0.9639091286970425,
        -1.3890842125973064,
        -0.869814246721134,
        -1.727533495465584,
        -0.5873526879386737,
        -0.19515417301803284
    ],
    "goal_end_effector_pos": [
        -0.17508549988269806,
        -0.07348974794149399,
        0.9170978665351868
    ],
    "rail_length": 1.0,
    "obstacle_positions": [
        [
            0.9716026061735676,
            0.31597394483743846,
            0.30175692923395386
        ],
        [
            0.5966637746018628,
            0.06523184904017686,
            0.8318096108727072
        ],
        [
            0.12929386460885417,
            0.46702986661448553,
            0.15191647943073755
        ],
        [
            0.7071806008078977,
            -0.10396094321999896,
            0.8022592088817814
        ]
    ],
    "obstacle_dimensions": [
        [
            0.16917526130652222,
            0.3074432532841991,
            0.2951430574641219
        ],
        [
            0.12009082717984791,
            0.12176864134667004,
            0.15969280788912352
        ],
        [
            0.26598331954229604,
            0.15634444747716347,
            0.38563037290936253
        ],
        [
            0.17916600128575405,
            0.37801770527611844,
            0.3517579173399913
        ]
    ],
    "planner_config": {
        "max_iter": 100000,
        "collision_check_step_size": 0.04,
        "goal_reached_threshold": 0.05,
        "drive_dist": 0.628,
        "goal_sample_rate": 0.1,
        "near_radius": 1.256
    },
    "rrt_star_path": [
        [
            0.6762549019801313,
            0.5709079193593571,
            -3.066251348094436,
            0.36979114093176424,
            -1.5126614883304508,
            -0.5334349115434649,
            -1.3601520255873525
        ],
        [
            0.5280298352273906,
            0.4582774046830513,
            -2.4639960319089353,
            -0.13587230413384355,
            -1.3818117241416141,
            -0.16108263110570575,
            -0.8510640096518944
        ],
        [
            0.36650782165865403,
            0.6456758685371651,
            -2.0656095894632154,
            -0.407887658524773,
            -1.5099439709727929,
            -0.319067880139039,
            -0.6079691048539763
        ],
        [
            0.09221700887172424,
            0.9639091286970425,
            -1.3890842125973064,
            -0.869814246721134,
            -1.727533495465584,
            -0.5873526879386737,
            -0.19515417301803284
        ]
    ],
    "num_samples": 29
}